[
    {
	"teks": "Nama : DilaPye Colmek\nFoto : -\nVideo : 1\nSize : 90 MB\nDurasi : 5 Menit\nKualitas : HD\nRate : ⭐⭐⭐⭐\n\nDownload Link\nDownload : https://drive.google.com/file/d/1We9TeG1whjz2bmNCrahctK1-Hiy3BtWN/view \n PASSWORD FILE : AA18+#29",
	"image": "https://i.ibb.co/8jRQ01J/IMG-20201205-223443-917.jpg"
    },
    {
	"teks": "Nama : Missluttyv SMA\nFoto : -\nVideo : 3\nSize : 74 MB\nDurasi : - Menit\nKualitas : HD\nRate : ⭐⭐⭐\n\nDownload Link\nDownload : https://drive.google.com/file/d/1TodhXRAHt6MHMqS2-3DYmCQoIFe7yuI-/view \nPASSWORD FILE : AA18+#21",
	"image": "https://i.ibb.co/KKzmXzY/IMG-20201206-033352-192.jpg"
    },
    {
	"teks": "Nama : Arce\nFoto : 114\nVideo : 16\bSize : 64 MB\nDurasi : - Menit\nKualitas : HD\nRate : ⭐⭐⭐⭐\n\nDownload Link\nDownload : https://drive.google.com/file/d/1SwXbmd2sXnYSNYmn_tdCiaBsHHXjYvQM/view \nPASSWORD FILE : AA18+#6",
	"image": "https://i.ibb.co/8srYLFL/IMG-20201206-034512-690.jpg"
    },
    {
	"teks": "Nama : Annisa\nFoto : 71\nVideo : 2\nSize : 48 MB\nDurasi : - Menit\nKualitas : HD\nRate : ⭐⭐⭐\n\nDownload Link\nDownload : https://drive.google.com/file/d/1St_Pb9xNZnrSX_fPfaarno6Bpjc3ArUx/view\nPASSWORD FILE : AA18+#5",
	"image": "https://i.ibb.co/B32Nq01/E0yui-GCvum-STqdm-G2-6-Os-FBJYMh2-Vd-Da4ayhip-Ub-B4-Xx-Cl-H7-Vt-Ju-j-J-s-Ri-A9kww-Q83-GFPnp-W9nl-Zva.jpg"
    },
    {
    "teks": "Nama : 038493040494_0[Ws_Gloia]\nFoto : 19\nVideo : 1\nSize : 379 MB\nDurasi : 8 Menit\nKualitas : HD++\nRate : ⭐⭐⭐⭐⭐\n\nDownload Link\nDownload : https://drive.google.com/file/d/1Y0ALFotYLT2F8kKjgxMZ_BFJ6vWKalck/view\nPASSWORD FILE : AA18+#30",
    "image": "https://i.ibb.co/9psS49T/Lvu-JQ8-Ut-AELo-AGZ0o-F9-RDQNk-W28e-QHj-CZPo-Ak-Wm2u-Rey-RAay-Ku-Ub4-f2-P-m-F6-DLdc67l-Ko-IRy-NZZIth.jpg"
    },
    {
    "teks": "Nama : ASD - Ria Bali\nFoto : -\nVideo : 1\nSize : 165 MB\nDurasi : 45 Menit\nKualitas : HD\nRate : ⭐⭐⭐⭐\n\nDownload Link\nDownload : https://drive.google.com/file/d/1T84UWWj1oJlDAMXd-snZr6gP4Yt61P6P/view\nPASSWORD FILE : AA18+#7",
    "image": "https://i.ibb.co/BVB8fbj/pv-NJ5-Ja4-VP1fl2-H0b4-Ad-YOzb-HOad-Tzq-JO9-Ms-Ecs-Qz-Sn7s-CMdem-SPv-QBj8qqrt5xk-GEW-o-HKAKs-NRp-GN6.jpg"
    },
    {
    "teks": "Nama : Nanad Apr\nFoto : 18\nVideo : 23\nSize : 357 MB\nDurasi : - Menit\nKualitas : -\nRate : ⭐⭐⭐\n\nDownload Link\nDownload : https://drive.google.com/file/d/1YO0rvEgbx6Qsrtfm6tTOlvHI7OE5V42p/view\nPASSWORD FILE : AA18+#32",
    "image": "https://i.ibb.co/BTFg7yT/IEsp-UDTc6-YFw-Hro-E3-Eq-VXGgo-PV8-4-Il4-HWy-Usc-Kw-JMVW4ql-WVBOSzmxjz6-W6r-Dw4-E2-GPo7cygc-HH6-XFy7.jpg"
    },
    {
    "teks": "Nama : lily kawai onlyfans\nFoto : 50\nVideo : 7\nSize : 237 MB\nDurasi : - Menit\nKualitas : HD+\nRate : ⭐⭐⭐⭐\n\nDownload Link\nDownload : https://drive.google.com/file/d/1TcK_EH1d2vL4bfVhSBm0el_nhmqh2XCS/view\nPASSWORD FILE : AA18+#17",
    "image": "https://i.ibb.co/bsJfgz7/H3-GSk-Spdcw-Uc-E8t-Mk-A5-ZM6y-MO2-Kk-Fdp5qxr-E0ju-Y3-N-Dx-Ln-YWp-Epx2jug-DEFg-LAloq-1g5-NYr-A2tz-O4.jpg"
    },
    {
    "teks": "Nama : Bocil x Tante\nFoto : -\nVideo : 1\nSize : 156 MB\nDurasi : 23 Menit\nKualitas : HD\nRate : ⭐⭐⭐⭐\n\nDownload Link\nDownload : https://drive.google.com/file/d/1amwgPTf_PLIUc43bxivztFrD0xzdg8Tm/view\nPASSWORD FILE : AA18+#33",
    "image": "https://i.ibb.co/KNsD0tT/pv-NJ5-Ja4-VP1fl2-H0b4-Ad-YOzb-HOad-Tzq-JO9-Ms-Ecs-Qz-Sn7s-CMdem-SPv-QBj8qqrt5xk-GEW-o-HKAKs-NRp-GN6.jpg"
    },
    {
    "teks": "Nama : Badbitch_alter\nFoto : -\nVideo : 1\nSize : 170 MB\nDurasi : 26 Menit\nKualitas : HD+\nRate : ⭐⭐⭐⭐⭐\n\nDownload Link\nDownload : https://drive.google.com/file/d/1b2k9RvUeirTzfHBZJkQ9fgw0jJudGP2j/view\nPASSWORD FILE : AA18+#34",
    "image": "https://i.ibb.co/g6Fwp8S/pv-NJ5-Ja4-VP1fl2-H0b4-Ad-YOzb-HOad-Tzq-JO9-Ms-Ecs-Qz-Sn7s-CMdem-SPv-QBj8qqrt5xk-GEW-o-HKAKs-NRp-GN6.jpg"
    },
    {
    "teks": "Nama : Princess nakal\nFoto : -\nVideo : 1\nSize : 128 MB\nDurasi : 15 Menit\nKualitas : HD\nRate : ⭐⭐⭐\n\nDownload Link\nDownload : https://drive.google.com/file/d/1bj6nNKADyIzSXONZnmXs7c8E_Ln_3KlM/view\nPASSWORD FILE : AA18+#35",
    "image": "https://i.ibb.co/gPFMxr6/image.png"
    },
    {
    "teks": "Nama : weweci\nFoto : -\nVideo : 1\nSize : 180 MB\nDurasi : 21 Menit\nKualitas : HD\nRate : ⭐⭐⭐⭐\n\nDownload Link\nDownload : https://drive.google.com/file/d/1cA-pPAB_WRGRRGxhBDk9ouDiynu17xPg/view\nPASSWORD FILE : AA18+#36",
    "image": "https://i.ibb.co/0YPwyVc/image.png"
    },
    {
    "teks": "Nama : Viral Katanya\nFoto : -\nVideo : 1\nSize : 26 MB\nDurasi : 5 Menit\nKualitas : HD\nRate : ⭐⭐⭐\n\nDownload Link\nDownload : http://www.mediafire.com/file/9o80ka9z61cdtn1/%23Viral_katanya.zip/file",
    "image": "https://i.ibb.co/vCWZWQP/image.png"
    },
    {
    "teks": "Nama : Hijab hitam\nFoto : -\nVideo : 4\nSize : 20 MB\nDurasi : - Menit\nKualitas : HD\nRate : ⭐⭐⭐⭐\n\nDownload Link\nDownload : https://drive.google.com/file/d/1gM7UvH1jzxYek88mQnWBQmou78Gerb_w/view",
    "image": "https://i.ibb.co/c66fNtR/image.png"
    },
    {
    "teks": "Nama : Syifa\nFoto : 45\nVideo : 25\nSize : 100 MB\nDurasi : - Menit\nKualitas : HD+\nRate : ⭐⭐⭐⭐⭐\n\nDownload Link\nDownload : https://drive.google.com/file/d/1gTjGotGSlpRCZiLKaZ14sOLjBjirntUb/view\nPassword file : AA18+#27",
    "image": "https://i.ibb.co/XDB3nxX/image.png"
    },
    {
    "teks": "Nama : Danca\nFoto : 18\nVideo : 13\nSize : 100 MB\nDurasi : - Menit\nKualitas : HD+\nRate : ⭐⭐⭐⭐\n\nDownload Link\nDownload : https://drive.google.com/file/d/1hDxgMnQ4ps2DkVhFyc51ApdsavGfqs3B/view\nPassword file : AA18+#38",
    "image": "https://i.ibb.co/s9dJRr1/image.png"
    },
    {
    "teks": "Nama : Mira cinggey\nFoto : 6\nVideo : 10\nSize : 83 MB\nDurasi : - Menit\nKualitas : HD\nRate : ⭐⭐⭐⭐\n\nDownload Link\nDownload : https://drive.google.com/file/d/1hcr06URPB2ID6EjzXJAXZuOdmtoZkPs9/view\nPassword file : AA18+#39",
    "image": "https://i.ibb.co/tqXh4c7/image.png"
    },
    {
    "teks": "Nama : Dewi\nFoto : 266\nVideo : 3\nSize : 150 MB\nDurasi : - Menit\nKualitas : HD\nRate : ⭐⭐⭐⭐\n\nDownload Link\nDownload : https://drive.google.com/file/d/1iVfhweyoExOcSCq-LHvJSHRp7pmbNmzg/view\nPassword file : AA18+#40",
    "image": "https://i.ibb.co/ZBBxgqy/image.png"
    },
    {
    "teks": "Nama : Jenn\nFoto : 50\nVideo : 7\nSize : 105 MB\nDurasi : - Menit\nKualitas : HD+\nRate : ⭐⭐⭐⭐\n\nDownload Link\nDownload : https://drive.google.com/file/d/1jqYvhwGLp8BgTItHRQpONu1MX3o4o12d/view\nPassword file : AA18+#41",
    "image": "https://i.ibb.co/jWx7DHR/image.png"
    },
    {
    "teks": "Nama : Yanna Davud\nFoto : 61\nVideo : 5\nSize : 22 MB\nDurasi : - Menit\nKualitas : HD\nRate : ⭐⭐⭐⭐\n\nDownload Link\nDownload : https://drive.google.com/file/d/1kIs0lNpZW-R5ub09GiQG6-wgdfagoZsV/view\nPassword file : AA18+#41",
    "image": "https://i.ibb.co/SRQ590w/image.png"
    },
    {
    "teks": "Nama : Nina fika luna\nFoto : 30\nVideo : 28\nSize : 153 MB\nDurasi : - Menit\nKualitas : HD\nRate : ⭐⭐⭐⭐\n\nDownload Link\nDownload : https://drive.google.com/file/d/1kirVFR8V7aYAvY_6s9v5QKyxy5hRQw-X/view\nPassword file : AA18+#42",
    "image": "https://i.ibb.co/CsL5XWy/image.png"
    },
    {
    "teks": "Nama : Ain Penang\nFoto : 53\nVideo : 7\nSize : 42 MB\nDurasi : - Menit\nKualitas : HD\nRate : ⭐⭐⭐⭐\n\nDownload Link\nDownload : https://drive.google.com/file/d/1kzGeQKuKaQKiz6u_JEcPh9wuJGKVB-sv/view\nPassword file : AA18+#43",
    "image": "https://i.ibb.co/zsSh5t8/image.png"
    },
    {
    "teks": "Nama : Jilboobs\nFoto : -\nVideo : 8\nSize : 84 MB\nDurasi : - Menit\nKualitas : HD\nRate : ⭐⭐⭐\n\nDownload Link\nDownload : https://drive.google.com/file/d/1l6M6JXmNiHGaybQiHH39wucVhvLkTjkX/view\nPassword file : AA18+#44",
    "image": "https://i.ibb.co/L9M2pH4/image.png"
    },
    {
    "teks": "Nama : Kiki hijab\nFoto : -\nVideo : 14\nSize : 190 MB\nDurasi : - Menit\nKualitas : HD\nRate : ⭐⭐⭐⭐\n\nDownload Link\nDownload : https://drive.google.com/file/d/1lZDvGBclp35JxhWRpVSCrVOO5YhIQSSn/view\nPassword file : AA18+#45",
    "image": "https://i.ibb.co/q53mKTp/image.png"
    },
    {
    "teks": "Nama : Tifanny\nFoto : 117\nVideo : 4\nSize : 30 MB\nDurasi : - Menit\nKualitas : HD\nRate : ⭐⭐⭐⭐\n\nDownload Link\nDownload : https://drive.google.com/file/d/1lrO9YJ1-MJtHavMpN2kG3nmJSReJtzE6/view\nPassword file : AA18+#46",
    "image": "https://i.ibb.co/12myv6w/image.png"
    },
    {
    "teks": "Nama : Vierannii\nFoto : 95\nVideo : -\nSize : 12 MB\nDurasi : - Menit\nKualitas : HD\nRate : ⭐⭐⭐⭐\n\nDownload Link\nDownload : https://drive.google.com/file/d/1lrOIZFT1n5XWqkX5uVq7xmmSpKjX70Mf/view\nPassword file : AA18+#47",
    "image": "https://i.ibb.co/yhbnjtR/image.png"
    }
]